{
  "n": 87,
  "skipped": 13,
  "wall_s": 256.4128932952881,
  "TP": 50,
  "FP": 0,
  "FN": 7,
  "TN": 30,
  "acc": 91.95402298850574,
  "spec": 99.99999999666667,
  "sens": 87.7192982440751,
  "f1": 93.45794392240663,
  "H_s": 0.8272455532498499,
  "H_u": 0.09144702000836205,
  "H_sep": 0.7357985332414879,
  "gt_val": 99.999999998,
  "pre_pct": 99.99999999666667,
  "med_win": 20.947333333334036,
  "n_wins": 30,
  "med_drift": 0.006823282531293311,
  "thresh": 0.5
}